{"cameraMode":{"drawMode":0,"name":"Shaded","section":"Shading Mode"},"sceneLighting":true,"audioPlay":false,"sceneViewState":{"showFog":true,"showMaterialUpdate":false,"showSkybox":true,"showFlares":true,"showImageEffects":true,"showParticleSystems":true},"in2DMode":false,"pivot":{"x":0.2753514051437378,"y":0.5684481859207153,"z":0.6452863216400147},"rotation":{"x":-0.0016578019130975009,"y":0.9978784322738648,"z":-0.05875259265303612,"w":-0.028146371245384218},"size":2.851452350616455,"orthographic":false}