{"cameraMode":{"drawMode":0,"name":"Shaded","section":"Shading Mode"},"sceneLighting":true,"audioPlay":false,"sceneViewState":{"showFog":true,"showMaterialUpdate":false,"showSkybox":true,"showFlares":true,"showImageEffects":true,"showParticleSystems":true},"in2DMode":false,"pivot":{"x":-0.4756903648376465,"y":-0.09015139937400818,"z":-0.24208232760429383},"rotation":{"x":0.018077125772833825,"y":-0.9760363101959229,"z":0.19765610992908479,"w":0.08928297460079193},"size":20.928783416748048,"orthographic":true}